timeStamp,elapsed,label,responseCode,responseMessage,threadName,dataType,success,failureMessage,bytes,sentBytes,grpThreads,allThreads,URL,Latency,IdleTime,Connect
1651369371684,1205,Signin,200,OK,Mars 1-1,text,true,,492,358,1,1,http://localhost:60968/authentication/authentication/signin,1202,0,30
1651369372895,867,GetEducation,200,OK,Mars 1-1,text,true,,1026,1073,1,1,http://localhost:60190/profile/profile/getEducation,867,0,1
1651369373764,372,Signin,200,OK,Mars 1-1,text,true,,492,358,2,2,http://localhost:60968/authentication/authentication/signin,372,0,0
1651369374137,106,GetEducation,200,OK,Mars 1-1,text,true,,1026,1073,2,2,http://localhost:60190/profile/profile/getEducation,105,0,0
1651369374243,346,Signin,200,OK,Mars 1-1,text,true,,492,358,2,2,http://localhost:60968/authentication/authentication/signin,346,0,0
1651369374079,1112,Signin,200,OK,Mars 1-2,text,true,,492,358,2,2,http://localhost:60968/authentication/authentication/signin,1112,0,2
1651369375193,108,GetEducation,200,OK,Mars 1-2,text,true,,1026,1073,2,2,http://localhost:60190/profile/profile/getEducation,108,0,1
1651369375302,356,Signin,200,OK,Mars 1-2,text,true,,492,358,2,2,http://localhost:60968/authentication/authentication/signin,356,0,0
1651369375659,105,GetEducation,200,OK,Mars 1-2,text,true,,1026,1073,2,2,http://localhost:60190/profile/profile/getEducation,105,0,0
1651369375765,356,Signin,200,OK,Mars 1-2,text,true,,492,358,2,2,http://localhost:60968/authentication/authentication/signin,356,0,0
1651369374594,1926,SearchSkill,200,OK,Mars 1-1,text,true,,4865,752,2,2,http://localhost:51689/listing/listing/searchListings,1926,0,1
1651369376521,106,Add Education,200,OK,Mars 1-1,text,true,,223,693,2,2,http://localhost:60190/profile/profile/addEducation,106,0,0
1651369376627,105,GetEducation,200,OK,Mars 1-1,text,true,,1026,1073,2,2,http://localhost:60190/profile/profile/getEducation,105,0,0
1651369376733,5,Delete Education,200,OK,Mars 1-1,text,true,,220,585,2,2,http://localhost:60190/profile/profile/deleteEducation,5,0,0
1651369376122,1918,SearchSkill,200,OK,Mars 1-2,text,true,,4865,752,1,1,http://localhost:51689/listing/listing/searchListings,1918,0,1
1651369378040,107,Add Education,200,OK,Mars 1-2,text,true,,223,693,1,1,http://localhost:60190/profile/profile/addEducation,107,0,0
1651369378148,105,GetEducation,200,OK,Mars 1-2,text,true,,1026,1073,1,1,http://localhost:60190/profile/profile/getEducation,105,0,0
1651369378253,6,Delete Education,200,OK,Mars 1-2,text,true,,220,585,1,1,http://localhost:60190/profile/profile/deleteEducation,6,0,0
